Title,Current Price
Skull & Bones,R$221.06
Baldur's Gate 3,R$233.95
Esquadrão Suicida: Mate a Liga da Justiça,R$149.99
Call of Duty®: Modern Warfare® III - Pacote Multigeração,R$194.35
Edição Standard do EA SPORTS FC 24 para Xbox One e Xbox Series X|S,R$71.80
NBA 2K24 para Xbox Séries X|S,R$69.98
The Elder Scrolls® Online,R$15.50
Mortal Kombat 1,R$149.50
Edição Deluxe de Prince of Persia: The Lost Crown,R$179.97
Diablo® IV - Edição Digital Deluxe,R$224.50
DEAD ISLAND 2 GOLD EDITION,R$249.50
Gang Beasts,R$15.60
SnowRunner,R$85.98
Among Us,R$11.07
Insurgency: Sandstorm - Ultimate Edition,R$298.08
True Survivors Bundle,R$133.85
Exoprimal,R$139.50
Exoprimal Deluxe Edition,R$168.00
Kit de Início Avançado,R$0.00
Kit de Sobrecarga 1,R$173.70
