Title,Price
Monster Hunter Rise PS4 & PS5,46.22
Pacote Deluxe de Prince of Persiaâ¢: The Lost Crown,47.92
Tom Clancy's Rainbow SixÂ® Siege â Deluxe Edition,49.87
ExpansÃ£o de Winters PS4 & PS5,47.45
Dark Soulsâ¢ III: Ashes of Ariandelâ¢,39.95
Dark Soulsâ¢ III: The Ringed Cityâ¢,29.99
Assassin's CreedÂ® Valhalla - Â Passe de Temporada,41.22
Mortal KombatÂ 11,19.99
Pacote Complemento Mortal KombatÂ 11 Ultimate,19.99
Pacote Complemento Mortal KombatÂ 11 Ultimate,19.99
DRAGON BALL XENOVERSE 2 - Legendary Pack Set,44.95
DRAGON BALL XENOVERSE 2 - Legend Patrol,26.95
DRAGON BALL XENOVERSE 2 - Legendary Pack 1,21.45
DRAGON BALL XENOVERSE 2 - Ultra Pack 2,21.45
DRAGON BALL XENOVERSE 2 - Legendary Pack 2,26.95
RESIDENT EVIL 3,48.62
RESIDENT EVIL 3 Todas as recompensas do jogo desbloqueadas,10.76
RESIDENT EVIL 2,49.87
Resident Evil 2 Todas as recompensas no jogo desbloqueadas,7.96
Resident Evil 2 Pacote DLC extra,31.25
Tom Clancyâs Ghost ReconÂ® Wildlands,35.78
EdiÃ§Ã£o Gold Ano 2 do Tom Clancyâs Ghost ReconÂ® Wildlands,49.98
Riders Republicâ¢ PS4 & PS5,49.87
DRAGON BALL FighterZ PS4 & PS5,47.98
Assassin's CreedÂ® Odyssey,29.99
Assassin's CreedÂ® Odyssey Ultimate Edition,44.99
HELLDIVERSâ¢ SUPER-EARTH ULTIMATE EDITION,39.99
Need for Speedâ¢ Heat EdiÃ§Ã£o Deluxe,41.84
Batmanâ¢: Arkham Knight Season Pass,34.58
MONSTER HUNTER: WORLDâ¢,41.75
Assassinâs CreedÂ® Origins ,29.98
Assassinâs CreedÂ® Origins Gold Edition,44.98
HOT WHEELS UNLEASHEDâ¢,29.92
HOT WHEELS UNLEASHEDâ¢,29.92
Unravel Two,15.37
DOOM Eternal: The Ancient Gods â Parte Um (Standalone),41.96
DOOM Eternal: The Ancient Gods - Parte Dois (Standalone),41.96
DOOM Eternal Standard Edition,49.87
Cosplay Slayer Master Collection Cosmetic Pack,13.45
DOOM Eternal DOOMICORN Cosmetic Pack,13.45
Mullet Slayer Master Collection Cosmetic Pack,13.45
DOOM Eternal: The Ancient Gods - Parte Um (Add-On),41.96
DOOM Eternal: The Ancient Gods - Parte Dois (Add-On),41.96
Detroit: Become Human,35.75
The Elder Scrolls V: Skyrim Special Edition - PS5 & PS4,49.87
Overcooked! + Overcooked! 2,34.9
Overcooked! 2 - Surf 'n' Turf,15.95
Overcooked! 2 - Season Pass,41.96
Dragon's Dogma: Dark Arisen,25.49
Need for Speedâ¢ Hot Pursuit Remastered,39.78
Dying Light Definitive Edition,32.98
NieR: Automataâ¢  3C3C1D119440927,16.6
Need for Speedâ¢ Rivals,13.39
South Parkâ¢: The Stick of Truthâ¢,19.99
RESIDENT EVIL 7 biohazard,39.8
RESIDENT EVIL 7 - Liberar conjunto de 5 moedas e modo HospÃ­cio,8.17
RESIDENT EVIL 7 Banned Footage Vol.1,16.6
RESIDENT EVIL 7 GravaÃ§Ã£o Proibida Vol. 2,25.0
RESIDENT EVIL 7 Desfecho de Zoe,25.0
Assassinâs CreedÂ® Mirage Deluxe Pack,29.95
Titanfallâ¢ 2 EdiÃ§Ã£o Standard,24.87
Yakuza: Like a Dragon PS4 & PS5,49.98
ACE COMBATâ¢ 7: SKIES UNKNOWN,39.98
ACE COMBATâ¢ 7: SKIES UNKNOWN Passe de Temporada,41.56
Sniper Ghost Warrior Contracts 2,39.9
Injusticeâ¢ 2 - Legendary Edition,29.99
FINAL FANTASY X/X-2 HD Remaster,41.56
Yakuza 0,20.87
The Yakuza Origins Digital Bundle,49.9
Need for Speedâ¢,12.52
Far CryÂ® 5 Gold Edition,41.85
Overcooked,14.18
SOULCALIBUR VI,39.98
Passe de Temporada SOULCALIBUR VI,49.96
Big Rumble Boxing: Creed Champions,39.9
Terra-mÃ©diaâ¢: Sombras de Mordorâ¢ - EdiÃ§Ã£o Jogo do Ano,19.99
RaymanÂ® Legends,16.7
Assassinâs CreedÂ® Syndicate,37.47
HITMAN 3 - Sarajevo Six Campaign Pack,18.83
HITMAN 3 - Trinity Pack,18.83
RIDE 4,29.92
RIDE 4,29.92
Plants vs. Zombiesâ¢: Batalha por Neighborville,37.22
LEGOÂ® Jurassic Worldâ¢ O Mundo Dos Dinossauros,19.99
Borderlands: Game of the Year Edition,41.21
Metro Exodus Gold Edition,32.23
Metro Exodus - Expansion Pass,15.98
Undertale,49.91
Five Nights at Freddy's,16.75
LEGOÂ® Batmanâ¢ 3: AlÃ©m De Gotham,19.99
Passe de Temporada LEGOÂ® Batmanâ¢ 3: AlÃ©m De Gotham,12.5
Wreckfest - Season Pass 2,20.97
Wreckfest: Drive Hard. Die Last. Season Pass,23.97
Far CryÂ® 3 Classic Edition,31.22
Solasta: Primal Calling,30.03
Solasta: Inner Strength,32.17
Solasta: Lost Valley,48.93
Bayonetta,25.97
NBA 2K Playgrounds 2,37.37
Need for Speedâ¢ Payback - Deluxe Edition,23.84
Monster Energy Supercross - The Official Videogame 5 PS4 & PS5,29.92
Monster Energy Supercross 5 - Special Edition PS4 & PS5,44.98
Devil May Cry HD Collection,49.49
Terra-mÃ©diaâ¢: Sombras da Guerraâ¢ EdiÃ§Ã£o Definitiva,39.28
Planet Coaster: EdiÃ§Ã£o de Console,24.95
Planet Coaster: ColeÃ§Ã£o de Brinquedos Deluxe,23.97
Devil May Cry 5 + Vergil,42.73
DMC5 - Personagem JogÃ¡vel: Vergil,20.17
Sniper Elite V2 Remastered,14.49
METAL SLUG ANTHOLOGYâ¢,16.7
LEGOÂ® O Hobbitâ¢,17.87
Escape Academy: Escape From Anti-Escape Island,43.12
Escape Academy: Escape from the Past,43.12
Judgment,44.85
Judgment: All In One Pack,21.56
METAL SLUG XX,16.7
Batman: The Telltale Series - Season Pass,31.96
DiRT Rally 2.0,44.85
DiRT Rally 2.0 - Year One Pass,31.47
Ultimate Custom Night,21.45
The Yakuza Remastered Collection,49.87
Captain Tsubasa: Rise of New Champions,49.87
Passe de Personagens de Captain Tsubasa: Rise of New Champions,41.56
Atelier Ryza: Ryza's Costume 'Summer Adventure!',11.92
ONE PUNCH MAN: A HERO NOBODY KNOWS,29.99
ONE PUNCH MAN: A HERO NOBODY KNOWS - Passe de Personagem,31.47
LEGOÂ® CITY Undercover,23.98
Yakuza 6: The Song of Life,20.87
Five Nights at Freddy's 2,16.75
Five Nights at Freddy's 4,16.75
Digimon World: Next Order,39.99
WRC 10 FIA World Rally Championship,49.9
STAR WARSâ¢ Republic Commandoâ¢,39.95
Persona 5,31.96
Persona 5 Asterius & Asterius Picaro Set,4.76
Persona 5: Catherine Costume & BGM Special Set,11.8
Persona 5: Persona Bundle,25.05
GRID Legends para PS4 e PS5,29.99
Godfall Challenger Edition PS4 & PS5,15.47
Godfall Ultimate Edition,49.87
Upgrade to Godfall Ultimate Edition,15.47
SWORD ART ONLINE Alicization Lycoris,39.98
WolfensteinÂ® II: The New Colossusâ¢,24.73
Sniper Elite 4,31.99
METAL SLUG 3,12.5
Dreamsâ¢,39.8
Ni no Kuni: Wrath of the White Witch Remastered,39.98
Digimon Story: Cyber Sleuth - Hacker's Memory,39.98
LEGOÂ® Marvelâs Avengers EdiÃ§Ã£o de Luxo,39.99
LEGOÂ® Star Warsâ¢: The Force Awakens,19.99
LEGOÂ® Star Warsâ¢: The Force Awakens Passe de Temporada,15.99
LEGOÂ® Marvel Super Heroes 2 EdiÃ§Ã£o Deluxe,25.99
Batman: O Inimigo Dentro - Season Pass,31.96
"""Nostalgic Straw Hat"" Accessory for Ryza",11.92
Jak and Daxter: The Precursor Legacyâ¢,39.95
Tennis World Tour 2 - Complete Edition,49.9
Anthemâ¢ EdiÃ§Ã£o Standard,14.85
Wolfenstein: Youngblood,24.87
THE KING OF FIGHTERS 2002 UNLIMITED MATCH,14.9
Resident Evil Revelations 1 & 2 Bundle,37.37
Dishonored 2,29.9
Control,37.37
Control Pacote de ExpansÃ£o 1 âA FundaÃ§Ã£oâ,16.17
Control ExpansÃ£o 2 âEMAâ.,16.17
TALES OF BERSERIA,41.75
Katamari Damacy REROLL,37.37
Unravel,20.98
Sherlock Holmes The Awakened - Pacote de MissÃµes SecundÃ¡rias Os Sonhos Sussurrados,27.96
The Walking Dead: The Complete First Season,18.62
SWORD ART ONLINE: FATAL BULLET,19.18
Kingdoms of Amalur: Re-reckoning - Fatesworn,41.96
Mortal Shell: Enhanced Edition,14.95
Mortal Shell,12.49
What Remains of Edith Finch,24.87
Darksiders III,39.9
Darksiders III Digital Deluxe Edition,49.9
Darksiders III Season Pass,20.98
Portal Knights,29.85
"Portal Knights - Druidas, Povo Peludo e Defesa de RelÃ­quia",26.95
"Portal Knights - Elfos, Ladinos e Fendas",26.95
Five Nights at Freddy's: Sister Location,21.45
The Walking Dead: Season Two,18.62
The SettlersÂ®: New Allies Deluxe Pack,32.96
Twelve Minutes,49.8
Dead Island Definitive Collection,11.99
DOOM Slayers Collection,37.37
Angry Birds VR: Isle of Pigs,39.95
We Were Here Expeditions: The FriendShip,16.12
Pathfinder: Kingmaker - Definitive Edition,29.92
Stellaris: Console Edition - Expansion Pass One,45.52
WWE 2K Battlegrounds,44.58
Ultimate Brawlers Pass,39.95
MXGP 2020 - The Official Motocross Videogame,21.49
MXGP 2020 - The Official Motocross Videogame,21.49
War Thunder - German Beginner's Pack,13.45
Wasteland 3,39.9
Wasteland 3 - Colorado Survival Gear,6.45
Wasteland 3: Cult of the Holy Detonation,10.35
Wasteland 3: The Battle of Steeltown,14.29
DRAGON QUEST BUILDERS 2 - Hotto Stuff Pack,19.14
DRAGON QUEST BUILDERS 2 - Aquarium Pack,32.34
DRAGON QUEST BUILDERS 2 - Modernist Pack,32.34
Dead Island: Riptide Definitive Edition,11.24
Yakuza Kiwami,20.87
Jurssic World Evolution Deluxe Edition,27.45
Jurassic World Evolution: ColeÃ§Ã£o de ExpansÃµes,32.23
Quake 1 & 2 Bundle PS5,25.8
Prey,29.9
Yakuza Kiwami 2,20.87
Yakuza Kiwami 2: Clan Creator Bundle,13.47
Jak II,39.95
Phoenix Wright: Ace Attorney Trilogy,43.19
Five Nights at Freddy's 3,16.75
Tormented Souls,19.9
The Beast Inside,20.08
The Beast Inside,20.08
Jak 3,39.95
Amnesia: Rebirth,23.98
Os Smurfs â MissÃ£o Florrorosa,37.35
Os Smurfs â MissÃ£o Florrorosa,37.35
OKAMI HD,30.75
Freddy Fazbear's Pizzeria Simulator,21.45
Whistleblower,4.85
.hack//G.U. Last Recode,19.99
THE KING OF FIGHTERS '98 ULTIMATE MATCH FINAL EDITION,14.9
BLACK CLOVER: QUARTET KNIGHTS,24.99
BLACK CLOVER: QUARTET KNIGHTS Passe de Temporada,18.75
WARRIORS OROCHI 4: Legendary Weapons Pack,47.94
STAR OCEAN First Departure R,26.25
MotoGPâ¢22 PS4 & PS5,29.92
The Walking Dead: A New Frontier - Season Pass,19.97
Alien: Isolation - THE COLLECTION,41.22
Alien: Isolation Season Pass,39.97
SWORD ART ONLINE: Hollow Realization,39.99
Resident Evil: Deluxe Origins Bundle,41.22
Epic Roller Coasters - Amusement Park Bundle,43.12
Epic Roller Coasters â Real Places,43.12
Epic Roller Coasters â Super Roller Coasters,43.12
Tales of Vesperiaâ¢: EdiÃ§Ã£o Definitiva,47.9
Vanquish,25.97
Creed Rise to Gloryâ¢,14.95
ARCADE GAME SERIES: GALAGA,10.75
Oddworld: Abe's Exoddus (PS1 Emulation),26.95
Vida Selvagem,22.35
Puyo Puyoâ¢ TetrisÂ® 2 PS4 & PS5,39.9
Star OceanÂ®: The Last Hope - 4K and Full HD Remaster,26.25
Sniper Elite VR,31.98
Evil Genius 2: World Domination PS4 & PS5,49.87
Evil Genius 2: Season Pass,43.17
Shotgun Farmers,26.95
Pool Blitz - 80 gemas,3.85
Pool Blitz -1200 gemas,37.73
inFAMOUS First Light ,39.95
Drift Streets Japan PS4 & PS5,37.73
UNTURNED,40.17
Eiyuden Chronicle: Rising,23.97
FINAL FANTASY TYPE-0â¢ HD,33.4
Carnival GamesÂ®,32.98
Ghosts 'n Goblins Resurrection,49.33
Hunting Simulator,9.95
Trinity Fusion Deluxe Bonuses,35.03
Duke Nukem 3D: 20th Anniversary World Tour,10.49
Construction Simulator 3 - Console Edition,39.95
The Walking Dead Onslaught,29.9
The Walking Dead Onslaught: Digital Deluxe,42.98
Donut County,16.17
Onimusha: Warlords,28.6
Horse Tales: Emerald Valley Ranch - The Arabian Horse Pack,15.05
Irish Cob DLC - Horse Tales - Emerald Valley,16.14
Horse Tales: Emerald Valley Ranch - The Foal Care Pack,22.33
Horse Tales: Emerald Valley Ranch - DLC Pack,45.15
Hunting Simulator 2 Bear Hunter Edition,24.99
Spike Volleyball,19.9
Sudden Strike 4,49.75
Sudden Strike 4: Africa - Desert War,26.95
Sudden Strike 4: Road to Dunkirk,26.95
STAR OCEAN : INTEGRITY AND FAITHLESSNESS,37.47
Battle Brothers â Beasts & Exploration,40.42
Cities Skylines - Airports,34.95
Darkwood,47.94
GOD EATER 2: Rage Burst,39.99
House Builder,47.94
Deus Ex: Mankind Divided - EdiÃ§Ã£o Digital Deluxe,35.98
STAR WARS: Bounty Hunter,20.75
MX vs. ATV Supercross Encore,29.9
EdiÃ§Ã£o Deluxe de ONE PIECE: Unlimited World Red,19.78
THE KING OF FIGHTERS XIV ULTIMATE EDITION,42.98
Dragon Ball Xenoverse + Passe de Temporada,48.67
Fire Pro Wrestling World,31.18
Fighting Road: NJPW 2017 Junior Heavyweight,12.5
Fire Pro Wrestling World NJPW Season Pass,39.73
Titan Quest,29.9
Titan Quest: Atlantis,41.96
Titan Quest: RagnarÃ¶k,41.96
Bulletstorm: Full Clip Edition,19.95
Duke Nukem's Bulletstorm Tour,2.69
Car Mechanic Simulator - DLC Mega Pack,41.38
Taxi Chaos,39.8
Quake,21.56
Batmanâ¢: Arkham RV,24.87
PersonaÂ®5 Strikers - Pacote All-Out Attack,10.76
PersonaÂ®5 Strikers - MÃºsicas de fundo Persona Legacy,21.56
Thief: Master Thief Edition,20.08
WRC 5 eSports Edition,4.95
War Thunder - US Starter Bundle,13.45
War Thunder - British Starter Pack,26.95
Sherlock Holmes: The Devil's Daughter,21.49
Sherlock Holmes: The Devil's Daughter - Costume pack,7.95
Tails of Iron,33.47
WipEout Omega Collection,39.8
Darksiders Warmastered Edition,19.9
Darksiders: Fury's Collection - War and Death,32.98
Star OceanÂ® Till The End Of Timeâ¢,26.25
Tribes of Midgard PS4 & PS5,29.85
The Fisherman - Fishing Planet,29.92
XCOMÂ® 2 Collection,35.99
Ashen,41.22
Ashen: Nightstorm Isle,12.45
Chronos: Before the Ashes,29.9
Oddworld: Soulstorm Enhanced Edition,49.87
Oddworld: Soulstorm Enhanced Edition,49.87
Nexomon + Nexomon: Extinction - Complete Collection,40.17
Nexomon: Extinction,39.8
Moving Out - The Employees of the Month Pack,6.36
Moving Out - Movers In Paradise,16.2
Monster Truck Championship,39.9
Monster Truck Championship,39.9
Oddworld: Abe's Oddysee (PS1 Emulation),13.45
AI: THE SOMNIUM FILES - nirvanA Initiative DLC Bundle,17.16
Vader Immortal: A Star Wars VR Series,42.46
Accel World VS Sword Art Online,47.98
Hole io,18.83
Valkyria Chronicles Remastered,20.87
Neon Abyss,26.22
STAR WARSâ¢ Jedi Knight II - Jedi Outcastâ¢,20.75
Airport Simulator 2019,29.9
The Disney Afternoon Collection,24.87
Orcs Must Die! 3 PS4 & PS5,39.97
Sherlock Holmes: Crimes and Punishments,16.49
Indivisible,29.92
Os Desafios de Razmi,21.45
Darksiders II Deathinitive Edition,29.9
The Escapists,16.7
The Escapists + The Escapists: The Walking Dead Collection,31.98
The Escapists DLC Bundle,21.56
Turnip Boy Commits Tax Evasion,23.97
THE KING OF FIGHTERS â97 GLOBAL MATCH,12.5
The Entropy Centre,46.86
STAR WARSâ¢ Episode I Racer,39.95
Darksiders Genesis,32.98
Psychonauts,16.17
Victor Vran,20.87
Victor Vran Overkill Edition,32.98
Axiom Verge,20.87
Styx: Shards of Darkness,19.9
Farmer's Dynasty,29.9
Capcom Beat 'Em Up Bundle,41.75
Virtua Fighter 5 Ultimate Showdown (jogo principal) e DLC Yakuza Pack,39.97
Virtua Fighter 5 Ultimate Showdown â Jogo e Pacote de DLC de TEKKEN 7,39.97
Legendary Pack,18.86
Construction Simulator 2 US - Console Edition,31.96
Trepang2 - Survival Mode DLC,11.92
Trepang2 - Season Pass,36.37
Pinball FX - Star Warsâ¢ï¸ Pinball Collection 1,45.11
Pinball FX - Star Warsâ¢ï¸ Pinball Collection 2,45.11
Beyond a Steel Sky,19.9
Beyond a Steel Sky,19.9
AI: THE SOMNIUM FILES,39.9
Pure Farming 2018,12.49
Hotline Miami,13.47
Valkyria Revolution,24.98
SAMURAI SHODOWN NEOGEO COLLECTION,41.22
DOA5LR - Personagem: Naotora Ii,15.95
DOA5LR: Naotora Ii + Conjunto Fatos Estreia,32.25
DOA5LR: Conjunto RecÃ©m-chegadas,49.95
Valkyria Chronicles Remastered + Valkyria Chronicles 4 Bundle,37.47
Late Shift,33.52
How to Survive 2,12.5
Abandoned Backpack,5.45
Elite Soldier Skin Pack,5.45
Musketeer Skin Pack,5.45
Pirates of the Bayou Skin Pack,5.45
CRYSTAR Anamnesis's Clothes,3.27
CRYSTAR Uniform,3.27
CRYSTAR 4 Panel Comic Collection,5.97
CRYSTAR Holiday Collection,5.97
CRYSTAR Peddler Collection,5.97
CRYSTAR Mascot Costume Collection,7.47
CRYSTAR Clothing Swap Collection,10.05
Oddworld: Stranger's Wrath HD,31.47
Tetraminos,10.78
Tetraminos,8.3
FIA European Truck Racing Championship,29.9
Danganronpa S: Ultimate Summer Camp,41.96
Costume Set - Beachside Puppies,31.96
Costume Set - Hospitable Kitties,31.96
Johnny Trigger,21.52
TT Isle of Man: Ride on the Edge 2,29.92
White Day - Ultimate Horror Edition,24.73
White Day: A Labyrinth Named School,31.22
White Day: A Labyrinth Named School,44.85
Nexomon,16.17
Season Pass de DORAEMON STORY OF SEASONS: FGK,39.95
Moving Out 2 - Deluxe Edition,32.9
Unspottable,44.95
STEINS;GATE ELITE,49.98
Serial Cleaners,40.17
Serial Cleaners - Dino Park,37.73
Is It Wrong to Try to Pick Up Girls in a Dungeon? Familia Myth Infinite Combate,49.87
Pinball Arcade: Stern Pacote de bola 1,5.45
Pinball Arcade: Pacote Stern 1,21.56
Pinball Arcade: Stern Pacote 3,31.96
Pinball Arcade: Pacote de Mesa Stern 2,41.96
The Hong Kong Massacre,10.49
Conception PLUS: Maidens of the Twelve Stars,37.48
BlackJack,10.75
BlackJack,10.75
My Name is Mayo 3,7.63
Jak X: Combat Racing,39.95
Pinball FX3 - Star Warsâ¢ Pinball: The Force Awakensâ¢ Pack,9.41
Pinball FX3 - Star Warsâ¢ Pinball: The Last Jedi,13.12
Pinball FX3 - Star Warsâ¢ Pinball: Unsung Heroes,13.12
Pinball FX3 - Star Warsâ¢ Pinball,18.86
Pinball FX3 - Star Warsâ¢ Pinball: Balance of the Force,18.86
Pinball FX3 - Star Warsâ¢ Pinball: Heroes Within,18.86
Pinball FX3 - Star Warsâ¢ Pinball: Solo Pack,18.86
Pinball FX3 - Star Warsâ¢ Pinball:Season 2 Bundle,45.11
Star Warsâ¢ Pinball Season 1 Bundle,45.11
Blade of Darkness,31.96
ATOM RPG,24.58
AFFECTED: The Manor - Complete Edition PS4 & PS5,37.73
Meet Your Maker: Conjunto Setor 2,24.25
Meet Your Maker: Conjunto Setor 1,26.95
Demon Lord Reincarnation,34.32
Greak: Memories of Azur,24.87
King's Bounty II Lord's Edition,33.67
Train Life: A Railway Simulator - Orient-Express Train Edition,49.87
Lara Croft and the Temple of Osiris,15.73
Carnival GamesÂ® VR,26.22
Carnival GamesÂ® VR: Alley Adventure,21.45
Galaxy Kart,48.93
In Celebration of Violence + Theme,46.83
The Legend of Tianding,49.75
ARCADE GAME SERIES: DIG DUG,10.75
King of Seas,33.47
Fearmonium PS4â¢ & PS5Â®,41.94
Zombie Army Trilogy,34.29
The Bard's Tale IV: Director's Cut,32.98
Journey to the Savage Planet: Hot Garbage,21.45
Catlateral Damage: Remeowstered,31.96
Sayonara Wild Hearts,32.34
Roguebook,26.78
Roguebook,31.98
The Artful Escape,49.75
Spin the Lighthouse,7.63
Worms Armageddon [PS1 Emulation],26.95
Chasm: The Rift PS4&PS5,41.96
Beholgar,32.34
Beholgar,32.34
Blue Fire,29.85
Yuppie Psycho: Executive Edition,43.75
"Warhammer 40,000: Inquisitor - Martyr",19.95
Mundaun,41.96
Mundaun,41.96
Defense Grid 2,15.62
PixelJunkâ¢ Monsters 2,11.98
PixelJunkâ¢ Monsters 2 Deluxe Edition,17.53
PixelJunkâ¢ Monsters 2 Danganronpa Pack,4.03
PixelJunkâ¢ Monsters 2 Encore Pack,4.03
PixelJunkâ¢ Monsters 2 Season Pass,6.43
BLUE REFLECTION: conjunto completo Bath Towels,32.22
BLUE REFLECTION: conjunto completo Sailor Swimsuits,32.22
BLUE REFLECTION: conjunto completo Summer Clothes,32.22
BLUE REFLECTION: conjunto completo Vacation Style,32.22
Super Star Wars,26.95
Party Arcade,31.96
Festa Mais Pacote,4.4
Festa ainda mais pacote,21.52
Festa a maioria dos pacotes,43.12
Zero Escape: Zero Time Dilemma,39.8
EmyLiveShow: Anime Puzzle Game,9.45
Aven Colony,37.37
Aven Colony - Cerulean Vale,10.75
Let's Cook Together,21.22
Clown Art,43.12
Wattam,20.87
Birthdays the Beginning,49.87
Between Time: Escape Room,37.73
Lords of the Fallen Complete Edition (2014),22.42
Lords of the Fallen Complete Edition DLC Bundle (2014),12.73
STRIDER,12.5
Tacoma,31.47
Root Film,19.95
Brain Beats,46.5
Brain Beats,47.94
Zanki Zero: Last Beginning,37.48
AstÃ©rix e ObÃ©lix XXL3: O Menir de Cristal,20.98
Maquette,41.96
Maquette,41.96
Arcade Archives Pac-Man,30.03
Risen 3 - Enhanced Edition,20.98
Inertial Drift,10.49
Inertial Drift - Twilight Rivals Pack,26.95
THE KING OF FIGHTERSâ¢ COLLECTION: THE OROCHI SAGA,12.5
428: Shibuya Scramble,31.18
EVERSPACEâ¢,20.98
EVERSPACEâ¢ - Stellar Edition,37.37
EVERSPACEâ¢ - Encounters,16.17
Lara Croft GO,10.78
My Name is Mayo 2,3.85
Angry Alligator,19.8
YOGA MASTER - Dreams Fantasy Pack 1,12.9
YOGA MASTER - Magic Atmosphere Pack 1,12.9
YOGA MASTER - Celestial Harmonies,16.14
YOGA MASTER - Meditation Studio,32.34
Gal*Gun 2,37.37
I Am Dead,39.8
SÃ©bastien Loeb Rally EVO,9.95
Severed Steel,31.12
Severed Steel,31.12
Telling Lies,26.22
Narita Boy,26.78
Rogue Lords,31.98
Handball 21,39.9
Kitaria Fables,9.95
Kitaria Fables,13.39
Drums Rock: Power Metal Music Pack,28.12
Island Flight Simulator,36.11
Outbreak: Endless Nightmares,41.96
Outbreak: Endless Nightmares,41.96
Star Warsâ¢: Racer Revengeâ¢,20.75
Food Truck Tycoon,13.45
Food Truck Tycoon,13.45
The Cub,47.94
The Cub,47.94
Ghost Files: The Face of Guilt,27.96
Ghost Files: The Face of Guilt,33.21
Tennis World Tour - Legends Edition,12.45
Chemically Bonded PS4â¢ & PS5Â®,32.34
Dusk Diver,36.22
Shing!,31.47
Shing!,31.47
Going Under,26.22
Genesis Alpha One,21.5
Genesis Alpha One - Rocket Star Corporation Pack,8.6
Palindrome Syndrome: Escape Room,37.73
KATANA KAMI: A Way of the Samurai Story,24.98
Five Famous Swords Set DLC,1.58
Wanderer Set DLC,1.58
Wall World,37.73
Everhood: Eternity Edition,46.83
Project Warlock,31.25
Anime: Japanese Goblins,9.45
NEXTGEN SANDBOX,21.56
Abo Khashem,39.97
FIGHTING EX LAYER (Standard Version),32.98
Dawn of the Monsters: Arcade Edition,18.75
9 Clues: The Secret of Serpent Creek,27.96
Escape First,18.83
Arcade Classics Anniversary Collection,15.8
Commandos 2 - HD Remaster,49.75
Last Day of June,20.87
Crown Trick,26.22
Anime Uni,9.45
Anime Mania,36.37
Marfusha,38.7
Marfusha,38.7
Dungeons 3 - A Multitude of Maps,13.45
Dungeons 3 - An Unexpected DLC,13.45
Dungeons 3 - Clash of Gods,26.95
9 Clues 2: The Ward,27.96
Under the Jolly Roger - Jade Sea,38.8
Sakura Swim Club  PS4 & PS5,26.95
Don't Be Afraid,29.64
Tested on Humans: Escape Room,37.73
DAZW Small Bundle,2.75
DEAD AHEAD:ZOMBIE WARFARE - Pacote de moedas pequeno,2.75
DEAD AHEAD:ZOMBIE WARFARE - Pacote militar pequeno,2.75
DEAD AHEAD:ZOMBIE WARFARE - Pacote Inicial,5.45
DEAD AHEAD:ZOMBIE WARFARE - Pacote militar mÃ©dio,7.95
DEAD AHEAD:ZOMBIE WARFARE - Kit SWAT,26.95
DEAD AHEAD:ZOMBIE WARFARE Super Coin Pack,37.45
DAZW - Super Military Pack,42.45
War Thunder - Italian Starter Pack,26.95
War Thunder - Chinese Starter Pack,26.95
War Thunder - Japanese Starter Pack,26.95
War Thunder -  French Starter Pack,26.95
War Thunder - Swedish Starter Pack,26.95
War Thunder - German Starter Bundle,13.45
War Thunder - USSR Starter Bundle,15.95
The Myth Seekers 2: The Sunken City,27.96
The Myth Seekers 2: The Sunken City,33.21
The Myth Seekers Collection,45.11
Dabman: When The Haters Dab Back Remastered,18.83
Tibetan Quest: Beyond World's End,27.96
Tibetan Quest: Beyond World's End,33.21
Shadows: Awakening,49.33
Speedway Bundle Stock & Truck,39.95
RESIDENT EVIL RESISTANCE - Pacote com 3 RP Boosters,7.97
RESIDENT EVIL RESISTANCE - Pacote com 10 RP Boosters,22.44
Tour de France 2022,29.92
Tour de France 2022,37.42
Casino Roulette Royal,10.75
Casino Roulette Royal,10.75
Worms World Party [PS1 Emulation],13.45
Snakeybus,16.12
Otoko Cross: Pretty Boys Klondike Solitaire PS4 & PS5,18.75
Crash Drive 3,31.47
Gorogoa,18.75
Styx: Master of Shadows,20.98
Brain Beats DLC,32.34
Underworld Ascendant,39.97
Supermarket Shriek,24.87
STAR WARS: Jedi Starfighter,26.95
11-11 Memories Retold,23.98
Sheltered,15.98
Adore,37.73
Steins;Gate 0,36.22
The Rumble Fish +,34.32
Hitman GO: Definitive Edition,8.58
NyaKaMon,7.95
Joe Dever's Lone Wolf Console Edition,7.99
Make Love Not War 2,9.45
The Experiment: Escape Room,15.05
ONE PIECE World Seeker EdiÃ§Ã£o Deluxe,34.99
STEINS;GATE: My Darling's Embrace,43.71
Gal*Gun: Double Peace,31.22
Gal*Gun: Double Peace - Complete Edition,41.22
Western Slot Machine,10.75
Western Slot Machine,10.75
Brawlout,29.22
The Myth Seekers: The Legacy of Vulkan,27.96
The Myth Seekers: The Legacy of Vulkan,33.21
Death Park,22.5
STOP10,2.75
Willy Morgan and the Curse of Bone Town,26.22
Arcade Archives GALAXIAN,30.03
Antarctica 88,22.5
Heroine Anthem Zero Episode 1,34.95
God's Trigger,6.25
Sakura MMO PS4 & PS5,21.45
Regular Factory: Escape Room,37.73
Relicta,16.7
Game Dev Story,37.45
Before We Leave,26.22
Astro Miner,17.48
The Liar Princess and the Blind Prince,49.75
Rock'N Racing Off Road DX,25.74
Lamentum,42.45
EARTHLOCK,23.98
Resident Evil Re:Verse - Impulso de PR x3,10.12
Resident Evil Re:Verse - Impulso de PR x10,28.12
Garlic PS4â¢ & PS5â¢,39.95
Croc's World 4,10.52
Unlife PS4â¢ & PS5Â®,41.65
21 Avatar Bpop Game Bundle,26.25
21 Avatar Bpop Game Bundle,26.25
Wind Peaks,15.98
Evergate,4.95
Yuletide Legends: Who Framed Santa Claus,33.21
Legends of Talia: Arcadia PS4 & PS5,7.95
Stick it to the Manâ¢,8.58
Super Bullet Break,34.82
Spot The Difference Fantasy Edition,10.78
A Memoir Blue,23.7
Matchpoint - Tennis Championships | Legends DLC,24.37
Escape First: Alchemist,37.73
ChaosChild,36.22
Arcade Spirits,20.87
Skyland: Heart of the Mountain,27.96
Arcade Archives ROLLING THUNDER,30.03
Last Days of Lazarus,29.85
Escape First 2,18.83
Dodge These Balls,2.08
Root Letter,20.87
Speed 3: Grand Prix,23.8
Would you like to run an idol cafÃ©? PS4 & PS5,26.95
Another World Mahjong Girl PS4 & PS5,40.42
Star Warsâ¢ Pinball VR,46.86
Escape the Glitch,7.63
ReactorX,13.45
Arcade Archives DIG DUG,30.03
Zomborg PS4â¢ & PS5Â®,16.14
Amabilly PS4â¢ & PS5Â®,13.45
MAGLAM LORD,49.87
Escape First 3,18.83
Corridor Z,12.87
Sable's Grimoire: A Dragon's Treasure PS4â¢ & PS5â¢,15.95
Cyber Hook,23.97
The Infectious Madness of Doctor Dekker,24.25
Dark Quest 3,49.95
Tesla vs Lovecraft,31.25
Tesla vs Lovecraft,47.45
Festa Internacional da JoJo Siwa,49.87
BUTCHER,26.95
Unheard - Voices of Crime Edition,32.34
Aspire Ina's Tale,13.98
Sakura MMO 3 PS4 & PS5,21.45
ReactorX 2,13.45
Cuties Hacked Premium Edition,0.79
Unbound: Worlds Apart,39.8
DoraKone PS4â¢ & PS5â¢,13.45
Skeletal Avenger,44.95
Duggy,23.38
Co-omets,6.54
Co-omets,6.54
Co-omets (PlayStationÂ®4 & PlayStationÂ®5),11.34
Pile Up! Box by Box,39.95
Cyber Citizen Shockman 2: A New Menace PS4â¢ & PS5Â®,22.33
Lab Crisis,13.45
BlackJack Waifu Tour,11.95
Ashigaru: O Ãltimo Shogun,15.98
O Shogun Ultimate,40.17
Cinders,33.4
Preventive Strike,21.52
Epic Chef,26.78
Horror Tale 1: Kidnapper,32.34
Sudocats,7.95
Sudocats,7.95
Jimbaori: A Guerra Ånin,15.98
Jimbaori DIRECTORâS CUT,40.17
Story of a Gladiator,29.75
Loop8: Summer of Gods,41.85
Aggelos,15.62
REPLIKATOR PS4â¢ & PS5â¢,21.56
1979 Revolution: Black Friday,9.67
Saga of the Moon Priestess PS4 & PS5,25.52
Ages of Mages: the Last Keeper,32.25
Marooners,16.17
Necropolis,19.98
Low Story,30.03
Low Story,30.03
Geometric Sniper - Blood in Paris,6.36
Geometric Sniper - Blood in Paris,6.36
Evil Diary PS4â¢ & PS5Â®,16.14
99Vidas,26.95